"","X.mirbase_acc","mirna_name","gene_id","gene_symbol","transcript_id","ext_transcript_id","mirna_alignment","alignment","gene_alignment","mirna_start","mirna_end","gene_start","gene_end","genome_coordinates","conservation","align_score","seed_cat","energy","mirsvr_score","OE_pigment_PT","OE_pigment_PT_fa6","Gene","TF","darkens_or_lightens","cg_num","gene_fxn_pigm","kd_pt_fA6"
"1","MIMAT0000105","dme-miR-1",59223,"CG18769","CG18769-RD","NM_168169","gagguaugaagaaauguaaggu","    :|||| :| |||||||| ","guagGUACUCUUAUACAUUCCc",2,19,1758,1779,"[dm3:3L:6586579-6586600:+]",0.5263,166,7,-16.51,-0.7045,"X","U",NA,NA,NA,NA,NA,NA
"819","MIMAT0000106","dme-miR-2a",42215,"koko","CG31232-RA","NM_142464","cgaguaguu--ucgac-cgacacuau","  ||| :||  | :||  ||||||  ","auUCAAUAAACAAUUGUUCUGUGAaa",3,22,253,278,"[dm3:3R:14230420-14230445:+]",0.4672,131,0,-13.32,-0.118,"N","N",NA,NA,NA,NA,NA,NA
"1512","MIMAT0000107","dme-miR-2b",42215,"koko","CG31232-RA","NM_142464","cgaggaguu-ucgac-cgacacuau","     | || | :||  ||||||  ","uucaaUAAACAAUUGUUCUGUGAaa",3,19,254,278,"[dm3:3R:14230421-14230445:+]",0.4672,124,0,-11.95,-0.118,"L","L",NA,NA,NA,NA,NA,NA
"2200","MIMAT0000108","dme-miR-3",43981,"DIP1","CG17686-RD","NM_167774","acucugugugaaacgggucacu","               |||||| ","uauuaauuaugcuuaCCAGUGa",2,8,1144,1165,"[dm3:X:21495917-21495938:-]",0.504,120,6,-15.43,-0.1294,"N","N",NA,NA,NA,NA,NA,NA
"2494","MIMAT0000109","dme-miR-4",34686,"MRP","CG6214-RO","NM_205980","aguuaccaacagaucgaaaua","            |||||||| ","aucauucaacggUAGCUUUAa",2,10,98,118,"[dm3:2L:12744269-12744289:+]",0.4854,145,7,-10.66,-0.7458,"F","U",NA,NA,NA,NA,NA,NA
"3755","MIMAT0000110","dme-miR-5",38613,"Uev1A","CG10640-RA","NM_139702","guauaguguugcuag-caa-ggaaa","  |:|||: ::| |: ||| |||| ","uaUGUCAUCGUGUUUGGUUACCUUa",2,22,364,388,"[dm3:3L:5356587-5356611:-]",0.5386,124,0,-14.56,-0.6419,"N","N",NA,NA,NA,NA,NA,NA
"4404","MIMAT0000111","dme-miR-6",42215,"koko","CG31232-RA","NM_142464","uuuuucuugucggugacacuau","  ||| ||: |:: ||||||  ","auAAACAAUUGUU-CUGUGAaa",3,21,258,278,"[dm3:3R:14230425-14230445:+]",0.4672,138,0,-10.55,-0.1092,"L","L",NA,NA,NA,NA,NA,NA
"5132","MIMAT0000112","dme-miR-7",39091,"Nf-YA","CG3891-RA","NM_140056","uguuguuuuagugaucagaaggu","    ||||||:|  |||||||  ","uuuuCAAAAUUA--AGUCUUCau",3,20,134,154,"[dm3:3L:9433639-9433659:-]",0.3437,148,0,-15.91,-0.1217,"X","U",NA,NA,NA,NA,NA,NA
"5527","MIMAT0000113","dme-miR-8",41140,"Ras85D","CG9375-RA","NM_057351","cuguagaaauggacugucauaau","                |||||| ","gaggcgcccuuuuaagAGUAUUa",2,8,272,294,"[dm3:3R:5336936-5336958:-]",0.6567,120,6,-11.69,-0.2077,"D","D",NA,NA,NA,NA,NA,NA
"6514","MIMAT0000114","dme-miR-9a",44843,"nkd","CG11614-RA","NM_080049","aguauguc-gaucuauugguuucu","   |: || :|:| ||||||||| ","guuUGGAGUUUGGUUAACCAAAGa",2,21,165,188,"[dm3:3L:18997835-18997858:-]",0.5136,163,7,-18.73,-0.9293,"N","N",NA,NA,NA,NA,NA,NA
"8052","MIMAT0000115","dme-miR-10-5p",317815,"CG32000","CG32000-RC","NM_166733","uuguuuaagccuagauguccca","               |||||| ","aauaguauauauaaaACAGGGa",2,8,63,84,"[dm3:4:160585-160606:+]",0.3644,120,6,-10.94,-0.1436,"N","N",NA,NA,NA,NA,NA,NA
"8190","MIMAT0012531","dme-miR-10-3p",46246,"Pglym87","CG17645-RA","NM_143784","uuuggagagaucuuggcuuaaac","           |:::||||||| ","gcauuccgaacGGGUCGAAUUUu",2,13,405,427,"[dm3:3R:8057094-8057116:-]",0.7791,148,7,-13.23,-1.1304,"N","N",NA,NA,NA,NA,NA,NA
"9765","MIMAT0000116","dme-miR-11",42215,"koko","CG31232-RA","NM_142464","cguucuugagucugacacuac","  || || |::  ||||||  ","uaAACAA-UUGUUCUGUGAaa",3,20,259,278,"[dm3:3R:14230426-14230445:+]",0.4672,129,0,-7.87,-0.1168,"L","L",NA,NA,NA,NA,NA,NA
"10459","MIMAT0000118","dme-miR-13a",42215,"koko","CG31232-RA","NM_142464","ugaguaguu--uuacc--gacacuau","  ||| :||  ||| |  ||||||  ","auUCAAUAAACAAUUGUUCUGUGAaa",3,21,253,278,"[dm3:3R:14230420-14230445:+]",0.4672,134,0,-11.68,-0.1168,"L","L",NA,NA,NA,NA,NA,NA
"11159","MIMAT0000119","dme-miR-13b",42215,"koko","CG31232-RA","NM_142464","ugagcaguu-uuacc--gacacuau","     | || ||| |  ||||||  ","uucaaUAAACAAUUGUUCUGUGAaa",3,18,254,278,"[dm3:3R:14230421-14230445:+]",0.4672,127,0,-9.62,-0.1168,"N","N",NA,NA,NA,NA,NA,NA
"11843","MIMAT0000120","dme-miR-14",44843,"nkd","CG11614-RA","NM_080049","auccucucucuuuuucugacu","          |||||||||| ","uauuuacauaAAAAAGACUGa",2,12,1060,1080,"[dm3:3L:18996943-18996963:-]",0.7129,155,7,-14.11,-1.3455,"N","N",NA,NA,NA,NA,NA,NA
"12365","MIMAT0000319","dme-miR-263a",41085,"neur","CG11988-RA","NM_057304","cacuuaagaaggucacgguaauug","   ||| | | :| | ||||||| ","cgcAAUGC-UGUAAUACCAUUAAa",2,22,1401,1423,"[dm3:3R:4846092-4846114:-]",0.6132,155,7,-8.35,-1.2699,"X","U",NA,NA,NA,NA,NA,NA
"14008","MIMAT0000331","dme-miR-184",31623,"CG4542","CG4542-RB","NM_132127","cgggaauag-ucaagaggcaggu","    ||: | || | ||||||| ","ucagUUGACGAGCU-UCCGUCCa",2,19,405,426,"[dm3:X:6717251-6717272:+]",0.5135,147,7,-21.35,-0.2684,"X","U",NA,NA,NA,NA,NA,NA
"14181","MIMAT0000332","dme-miR-274",44843,"nkd","CG11614-RA","NM_080049","uaaugggcaaucacagccaguguuuu","                   |||||| ","aucaaacaaacaaaagaagCACAAAa",2,8,1015,1040,"[dm3:3L:18996983-18997008:-]",0.7129,120,6,-12.2,-0.4724,"N","N",NA,NA,NA,NA,NA,NA
"15815","MIMAT0000333","dme-miR-275",33562,"Cog3","CG3248-RA","NM_134935","gcgcgcgaugaaguccauggacu","             | |||:||| ","-------uuugcaAUGUAUCUGu",2,11,1,16,"[dm3:2L:3453907-3453922:-]",0.5882,126,0,-9.6,-0.2044,"L","L",NA,NA,NA,NA,NA,NA
"16103","MIMAT0000334","dme-miR-92a",41140,"Ras85D","CG9375-RA","NM_057351","uauccggcccuguucacguuac","         |:: :||||||| ","gagcguguuGGUCGGUGCAAUu",2,14,145,166,"[dm3:3R:5337064-5337085:-]",0.6218,145,7,-15.25,-0.2192,NA,NA,NA,NA,NA,NA,NA,NA
"17361","MIMAT0000335","dme-miR-219",46246,"Pglym87","CG17645-RA","NM_143784","guucuuaacgcaaaccuguuagu","    :||| :  || ||||||  ","auuuGAUUUUAAUU-GACAAUga",3,20,140,161,"[dm3:3R:8057360-8057381:-]",0.7913,129,0,-5.81,-0.3886,"L","N",NA,NA,NA,NA,NA,NA
"18038","MIMAT0000337","dme-miR-276a",31696,"Nek2","CG17256-RA","NM_132187","ucucgugccauacuucaaggau","    :::|| || |||||||  ","gugaUGUGGAAU-AAGUUCCga",3,19,64,84,"[dm3:X:7783241-7783261:-]",0.6084,136,0,-13.35,-0.4116,"B","D",NA,NA,NA,NA,NA,NA
"18467","MIMAT0000338","dme-miR-277",41140,"Ras85D","CG9375-RA","NM_057351","acagcaug-gucuau-cacguaaau","  |: ||| :| |||  | ||||| ","uuUUAUACAUACAUACAUACAUUUa",2,22,853,877,"[dm3:3R:5336353-5336377:-]",0.757,123,0,-4.43,-0.3374,"N","N",NA,NA,NA,NA,NA,NA
"20614","MIMAT0000339","dme-miR-278",35215,"Pax","CG31794-RF","NM_001038824","uuugccugcuuucagggug-gcu","  || |||  || |||||| || ","uuAC-GACCCAA-UCCCACACGc",2,21,57,77,"[dm3:2L:19401029-19401049:-]",0.6155,120,0,-17.17,-0.4736,"X","U",NA,NA,NA,NA,NA,NA
"20796","MIMAT0000340","dme-miR-133",44870,"sub","CG12298-RA","NM_137416","ugucgaccaacuuccccugguu","              ||||||| ","agagagcagcgccaGGGACCAc",2,9,421,442,"[dm3:2R:13633036-13633057:-]",0.5998,140,7,-17.15,-0.2738,"L","N",NA,NA,NA,NA,NA,NA
"20930","MIMAT0000341","dme-miR-279",41085,"neur","CG11988-RA","NM_057304","aauuacucacaccuagaucagu","    | |||     ||||||| ","uacuUAAGUUAAUUUCUAGUCa",2,19,800,821,"[dm3:3R:4846694-4846715:-]",0.6132,142,7,-13.13,-1.2422,"D","D",NA,NA,NA,NA,NA,NA
"21393","MIMAT0000342","dme-miR-33",48571,"heph","CG31000-RM","NM_176597","guuacgcugauguuacgugga","  :| | |  | |||||||  ","uaGUACAAGAAAAAUGCACgc",3,20,126,146,"[dm3:3R:27677431-27677451:-]",0.7225,131,0,-9.89,-0.2871,"L","L",NA,NA,NA,NA,NA,NA
"21864","MIMAT0000345","dme-miR-281",43828,"CaMKII","CG18069-RC","NM_166813","uguuucucucguua-agguac-ugu","          |||| |||||| || ","aaauucaaucCAAUAUCCAUGUACc",2,14,1014,1038,"[dm3:4:1056866-1056890:-]",0.376,120,0,-11.06,-0.8231,"D","D",NA,NA,NA,NA,NA,NA
"22185","MIMAT0000346","dme-miR-282",41140,"Ras85D","CG9375-RA","NM_057351","ugucuguuucggaucaucuccgau-cuaa","  | ||| | :|| || |: |||| ||| ","aaACACAUA-UCU-GU-GGUGCUACGAUg",2,27,704,729,"[dm3:3R:5336501-5336526:-]",0.517,120,0,-13.04,-0.5625,"N","N",NA,NA,NA,NA,NA,NA
"22768","MIMAT0000347","dme-miR-283",34686,"MRP","CG6214-RO","NM_205980","ucuuaauggucgacuauaaau","              |||||| ","cuuauguaugccacAUAUUUa",2,8,443,463,"[dm3:2L:12744614-12744634:+]",0.5086,120,6,-7.77,-0.1056,NA,NA,NA,NA,NA,NA,NA,NA
"26694","MIMAT0000348","dme-miR-284",41140,"Ras85D","CG9375-RA","NM_057351","guuaacgaccuuag-uucaac-gac-ugaagu","      || || || | |||| :|| ||||| ","acuuaaCUUGAUUCUAUGUUGUUUGUACUUCa",2,24,426,457,"[dm3:3R:5336773-5336804:-]",0.517,133,0,-17.62,-0.9595,"F","U",NA,NA,NA,NA,NA,NA
"27264","MIMAT0000349","dme-miR-281-2*",44870,"sub","CG12298-RA","NM_137416","ugacagcugccuaucgagagaa","         ||:| ||||||| ","agcgagguaGGGU-GCUCUCUu",2,14,239,259,"[dm3:2R:13633219-13633239:-]",0.5998,147,7,-21.82,-0.4562,NA,NA,NA,NA,NA,NA,NA,NA
"27650","MIMAT0000350","dme-miR-34",35215,"Pax","CG31794-RF","NM_001038824","guguuggucgauuggugu-gacggu","       || || :|:|| ||||| ","-------AGAUAUUCGCAGCUGCCa",2,18,1,18,"[dm3:2L:19401088-19401105:-]",0.7075,125,0,-17.58,-1.2577,"D","N",NA,NA,NA,NA,NA,NA
"28104","MIMAT0000351","dme-miR-124",41062,"pyd","CG31349-RA","NM_169245","gaaccguaaguggcgcacggaau","  || |  |:| : :||||||| ","auUGUCUGUUAAU-UGUGCCUUu",2,22,178,199,"[dm3:3R:4653618-4653639:-]",0.5797,147,7,-14.4,-1.1712,"X","U",NA,NA,NA,NA,NA,NA
"28615","MIMAT0000352","dme-miR-79",34686,"MRP","CG6214-RO","NM_205980","uacgaaaccauuagaucgaaau","              ||||||| ","aaaucauucaacggUAGCUUUa",2,9,96,117,"[dm3:2L:12744267-12744288:+]",0.4854,140,7,-8.24,-0.4747,"N","N",NA,NA,NA,NA,NA,NA
"29707","MIMAT0000354","dme-miR-276b",31696,"Nek2","CG17256-RA","NM_132187","ucucgugc-cauaauucaaggau","     |:| | | ||||||||  ","uugugAUGUGGAAUAAGUUCCga",3,18,62,84,"[dm3:X:7783241-7783263:-]",0.6084,136,0,-14.1,-0.4116,"N","N",NA,NA,NA,NA,NA,NA
"30153","MIMAT0000355","dme-miR-210",59223,"CG18769","CG18769-RD","NM_168169","aucggcgacagugugcguguu","           | ||||||| ","acuggguaugaAAACGCACAc",2,11,1414,1434,"[dm3:3L:6586235-6586255:+]",0.4759,142,7,-15.04,-0.1498,NA,NA,NA,NA,NA,NA,NA,NA
"30709","MIMAT0000356","dme-miR-285",46246,"Pglym87","CG17645-RA","NM_143784","cgugacuaaagcuu--accacgau","         |||||  ||||||| ","agcggcgaaUCGAAAGUGGUGCUc",2,14,79,102,"[dm3:3R:8057419-8057442:-]",0.4142,152,7,-19.91,-0.136,"N","N",NA,NA,NA,NA,NA,NA
"30996","MIMAT0000357","dme-miR-100",40659,"Hcs","CG14670-RA","NM_141285","guguucaagccuaaaugcccaa","              ||||||| ","ucgauuccucugcaUACGGGUg",2,9,338,359,"[dm3:3R:1310967-1310988:+]",0.4562,140,7,-12.33,-0.5001,"N","N",NA,NA,NA,NA,NA,NA
"31082","MIMAT0000358","dme-miR-92b",41140,"Ras85D","CG9375-RA","NM_057351","cguccggcccugaucacguuaa","         |:: :||||||| ","gagcguguuGGUCGGUGCAAUu",2,14,145,166,"[dm3:3R:5337064-5337085:-]",0.6218,145,7,-21.91,-0.2192,"L","L",NA,NA,NA,NA,NA,NA
"32338","MIMAT0000359","dme-miR-286",41085,"neur","CG11988-RA","NM_057304","ucgugcucacaagccagaucagu","               ||||||| ","guacuuaaguuaauuUCUAGUCa",2,9,799,821,"[dm3:3R:4846694-4846716:-]",0.6132,140,7,-14.77,-1.2435,"N","N",NA,NA,NA,NA,NA,NA
"32794","MIMAT0000361","dme-miR-87",41437,"CG31368","CG31368-RA","NM_169439","guguggacuuuaaaacgaguu","             ||||||| ","--uuauuguucagUUGCUCAa",2,9,1,19,"[dm3:3R:7718020-7718038:+]",0.5634,140,7,-13.03,-1.28,"B","D",NA,NA,NA,NA,NA,NA
"33350","MIMAT0000362","dme-miR-263b",41085,"neur","CG11988-RA","NM_057304","cacuuaagagggucacgguuc","              |||||| ","ugcaguuagaaaauUGCCAAu",2,8,1062,1082,"[dm3:3R:4846433-4846453:-]",0.6132,120,6,-7.5,-0.1254,"B","L",NA,NA,NA,NA,NA,NA
"34020","MIMAT0000365","dme-bantam",33170,"CG4822","CG4822-RG","NM_001038774","uuagucgaaa--guuuuacuagagu","   |||:|||  |  : ||||||| ","cgaCAGUUUUGGCUUGUUGAUCUCc",2,21,1180,1204,"[dm3:2L:117838-117862:-]",0.6586,155,7,-16.99,-0.4921,"X","U",NA,NA,NA,NA,NA,NA
"34473","MIMAT0000389","dme-miR-31b",41140,"Ras85D","CG9375-RA","NM_057351","gucgauaaggcuguagaacggu","   :|:| :: |: |:||||| ","uuuUUGUAUUAAU-UUUUGCCa",2,20,887,907,"[dm3:3R:5336323-5336343:-]",0.7999,129,0,-11.61,-0.2013,NA,NA,NA,NA,NA,NA,NA,NA
"34837","MIMAT0000390","dme-miR-304",34686,"MRP","CG6214-RO","NM_205980","gaguguaaaug--uuu---aac-ucuaau","  || |||||:  |||   ||| ||||| ","auCA-AUUUAUUGAAACUUUUGUAGAUUg",2,22,570,597,"[dm3:2L:12744741-12744768:+]",0.5086,121,0,-10.46,-1.1506,"N","N",NA,NA,NA,NA,NA,NA
"35750","MIMAT0000391","dme-miR-305",44843,"nkd","CG11614-RA","NM_080049","gucucgugg-acuacuucauguua","      ||: | :|  |||:||| ","agaaaaACUAUUGUUUAGUGCAAa",2,18,665,688,"[dm3:3L:18997335-18997358:-]",0.5909,128,0,-10.55,-0.1157,NA,NA,NA,NA,NA,NA,NA,NA
"36919","MIMAT0000392","dme-miR-9c",44843,"nkd","CG11614-RA","NM_080049","agaugucgaucuua-ugguuucu","  |: ||:| |: | ||||||| ","uuUGGAGUUUGGUUAACCAAAGa",2,21,166,188,"[dm3:3L:18997835-18997857:-]",0.5136,155,7,-18.21,-0.9293,"X","U",NA,NA,NA,NA,NA,NA
"38390","MIMAT0000393","dme-miR-306",33562,"Cog3","CG3248-RA","NM_134935","aacucucagugauucauggacu","       |::| | |||:||| ","------uUUGCAAUGUAUCUGu",2,16,1,16,"[dm3:2L:3453907-3453922:-]",0.5882,135,0,-10.77,-0.2044,"D","N",NA,NA,NA,NA,NA,NA
"38699","MIMAT0000395","dme-miR-9b",44843,"nkd","CG11614-RA","NM_080049","guaugucgauuuuagugguuucu","  |: ||:| :: | ||||||| ","uuUGGAGUUUGGUUAACCAAAGa",2,22,166,188,"[dm3:3L:18997835-18997857:-]",0.5136,157,7,-15.61,-0.939,NA,NA,NA,NA,NA,NA,NA,NA
"40262","MIMAT0000396","dme-let-7",34686,"MRP","CG6214-RO","NM_205980","ugauauguuggaugauggagu","     |||:|:  ||||||| ","cacugACAGCU--CUACCUCa",2,17,128,146,"[dm3:2L:12744299-12744317:+]",0.4614,149,7,-21.66,-0.3913,"X","U",NA,NA,NA,NA,NA,NA
"40579","MIMAT0000397","dme-miR-125",46246,"Pglym87","CG17645-RA","NM_143784","aguguucaaucccagagucccu","               |||||| ","cgcucguuuaagaaaUCAGGGa",2,8,328,349,"[dm3:3R:8057172-8057193:-]",0.6507,120,6,-16.89,-0.1485,"N","N",NA,NA,NA,NA,NA,NA
"40659","MIMAT0000398","dme-miR-307",59223,"CG18769","CG18769-RD","NM_168169","gagugaguuccuccaacacu","     ||||  |||||||| ","aauugUCAA--AGGUUGUGu",2,16,1099,1116,"[dm3:3L:6585920-6585937:+]",0.5365,152,7,-15.08,-0.6779,"L","N",NA,NA,NA,NA,NA,NA
"40976","MIMAT0000399","dme-miR-308",42215,"koko","CG31232-RA","NM_142464","gagugucauauuaggacacuaa","  :| |  || :|:||||||  ","aaUAAACAAUUGUUCUGUGAaa",3,21,257,278,"[dm3:3R:14230424-14230445:+]",0.4672,136,0,-11.76,-0.118,"L","L",NA,NA,NA,NA,NA,NA
"41705","MIMAT0000400","dme-miR-31a",41140,"Ras85D","CG9375-RA","NM_057351","agucgauacggcuguagaacggu","    :|:| :: |: |:||||| ","uuuuUUGUAUUAAU-UUUUGCCa",2,20,886,907,"[dm3:3R:5336323-5336344:-]",0.7999,129,0,-12.98,-0.2032,"N","N",NA,NA,NA,NA,NA,NA
"42072","MIMAT0000401","dme-miR-309",43981,"DIP1","CG17686-RD","NM_167774","auccuguuugaaaugggucacg","               |||||| ","uauuaauuaugcuuaCCAGUGa",2,8,1144,1165,"[dm3:X:21495917-21495938:-]",0.504,120,6,-12.93,-0.1294,"N","N",NA,NA,NA,NA,NA,NA
"42367","MIMAT0000402","dme-miR-310",41140,"Ras85D","CG9375-RA","NM_057351","uuuccggcccuuca--cacguuau","    ||  |  :||  ||||||| ","gggaGCGUGUUGGUCGGUGCAAUu",2,19,143,166,"[dm3:3R:5337064-5337087:-]",0.6218,141,7,-15.22,-0.2192,"N","N",NA,NA,NA,NA,NA,NA
"43630","MIMAT0000403","dme-miR-311",41140,"Ras85D","CG9375-RA","NM_057351","aguccggccacuuacacguuau","    |::||| :  ||||||| ","gcguGUUGGUCG--GUGCAAUu",2,19,147,166,"[dm3:3R:5337064-5337083:-]",0.6218,147,7,-19.67,-0.2004,"N","N",NA,NA,NA,NA,NA,NA
"44910","MIMAT0000404","dme-miR-312",41140,"Ras85D","CG9375-RA","NM_057351","aguccggcag--aguucacguuau","  ||  :||:  || :||||||| ","ggAGCGUGUUGGUC-GGUGCAAUu",2,21,144,166,"[dm3:3R:5337064-5337086:-]",0.6218,145,7,-17.99,-0.2153,"B","L",NA,NA,NA,NA,NA,NA
"46233","MIMAT0000405","dme-miR-313",41140,"Ras85D","CG9375-RA","NM_057351","agcccg-ac-acuuuucacguuau","  | || || ||:  :||||||| ","ggGAGCGUGUUGGUCGGUGCAAUu",2,21,143,166,"[dm3:3R:5337064-5337087:-]",0.6218,150,7,-19.34,-0.2153,"N","N",NA,NA,NA,NA,NA,NA
"47535","MIMAT0000406","dme-miR-314",46246,"Pglym87","CG17645-RA","NM_143784","ggcuugaauaaccgagcuuau","              |||||| ","gcauuccgaacgggUCGAAUu",2,8,405,425,"[dm3:3R:8057096-8057116:-]",0.7791,120,6,-20.32,-0.1055,"N","N",NA,NA,NA,NA,NA,NA
"48297","MIMAT0000407","dme-miR-315",34686,"MRP","CG6214-RO","NM_205980","cgaaagac-ucguuguuaguuuu","      || ||: | ||||||  ","ggucaaUGUAGUUA-AAUCAAuu",3,17,555,576,"[dm3:2L:12744726-12744747:+]",0.5086,125,0,-6.66,-0.1082,"F","U",NA,NA,NA,NA,NA,NA
"51666","MIMAT0000408","dme-miR-316",41140,"Ras85D","CG9375-RA","NM_057351","gcggucauucgccuuuuucugu","             |||||||  ","auuuuugccauacAAAAAGAaa",3,10,898,919,"[dm3:3R:5336311-5336332:-]",0.7999,125,0,-8.8,-0.2792,"N","N",NA,NA,NA,NA,NA,NA
"53337","MIMAT0000409","dme-miR-317",32097,"CG32666","CG32666-RB","NM_167288","ugaccuaugguggucg-acacaagu","   | :|::| :|:|: ||||||| ","aucGUGUGUC-UCGGUGUGUGUUCa",2,22,841,864,"[dm3:X:11448245-11448268:+]",0.508,150,7,-20.74,-0.3702,"N","N",NA,NA,NA,NA,NA,NA
"54172","MIMAT0000410","dme-miR-318",43981,"DIP1","CG17686-RD","NM_167774","acucuauuuguuucgggucacu","               |||||| ","uauuaauuaugcuuaCCAGUGa",2,8,1144,1165,"[dm3:X:21495917-21495938:-]",0.504,120,6,-12.58,-0.1281,"N","N",NA,NA,NA,NA,NA,NA
"54503","MIMAT0000411","dme-miR-2c",42215,"koko","CG31232-RA","NM_142464","cggguaguu-ucgac-cgacacuau","  | || || | :||  ||||||  ","uuCAAUAAACAAUUGUUCUGUGAaa",3,22,254,278,"[dm3:3R:14230421-14230445:+]",0.4672,131,0,-11.75,-0.118,"N","N",NA,NA,NA,NA,NA,NA
"55191","MIMAT0000412","dme-miR-iab-4-5p",34686,"MRP","CG6214-RO","NM_205980","aguccuauguaagucauaugca","     :|| |||  ||||||  ","cuuuuGUAGAUU--GUAUACuu",3,18,585,604,"[dm3:2L:12744756-12744775:+]",0.5086,130,0,-4.85,-0.1287,"D","D",NA,NA,NA,NA,NA,NA
"56093","MIMAT0000413","dme-miR-iab-4-3p",34686,"MRP","CG6214-RO","NM_205980","caaugcauaugacuuccauauggc","   || | |:: ||  ||||||: ","gaaACUUUUGUAGAUUGUAUACUu",2,22,581,604,"[dm3:2L:12744752-12744775:+]",0.5086,141,0,-8.71,-0.143,"D","D",NA,NA,NA,NA,NA,NA
"56996","MIMAT0005463","dme-miR-iab-4as-5p",38846,"lqf","CG8532-RA","NM_168219","gccauauggaaguc--a---uaugcauu","  |||||| ||:||  |   ||||||| ","ugGUAUACAUUUAGGCUAGAAUACGUAa",2,22,974,1001,"[dm3:3L:7531109-7531136:+]",0.5832,163,7,-23.62,-1.1079,"N","N",NA,NA,NA,NA,NA,NA
"58096","MIMAT0005466","dme-miR-955",41085,"neur","CG11988-RA","NM_057304","cugugaguuuggagacgugc-uac","  ||||:||: :  |||||| || ","uaCACUUAAG-UAGUGCACGUAUu",2,22,929,951,"[dm3:3R:4846564-4846586:-]",0.6132,127,0,-20.92,-0.958,"N","N",NA,NA,NA,NA,NA,NA
"58484","MIMAT0005467","dme-miR-190",41140,"Ras85D","CG9375-RA","NM_057351","guugguucuuauaguu--uguauaga","           :|:||  ||||||| ","auuuauguucgGUUAAACACAUAUCu",2,14,690,715,"[dm3:3R:5336515-5336540:-]",0.517,144,7,-11.31,-0.2341,"L","L",NA,NA,NA,NA,NA,NA
"60289","MIMAT0005468","dme-miR-193",44870,"sub","CG12298-RA","NM_137416","caacccugaaucauccggu-cau","  ||  :|  ||| ||||| || ","uaUGUUGCAGAGUUGGCCACGUu",2,21,68,90,"[dm3:2R:13633388-13633410:-]",0.4816,120,0,-15.18,-0.6534,"D","D",NA,NA,NA,NA,NA,NA
"60537","MIMAT0005469","dme-miR-956",42027,"CG10326","CG10326-RA","NM_142313","uuaccuaaucucaccagagcuuu","    ||  : |||  ||||||| ","guaaGACAGAAGUAUUCUCGAAa",2,20,236,258,"[dm3:3R:12470709-12470731:+]",0.5053,151,7,-14.33,-0.9097,"N","N",NA,NA,NA,NA,NA,NA
"61002","MIMAT0005470","dme-miR-957",33170,"CG4822","CG4822-RG","NM_001038774","cggagucaaaaccu---gccaaagu","    |: ||||  |   ||||||| ","aaagCGCUUUUUAACUUCGGUUUCa",2,19,884,908,"[dm3:2L:118193-118217:-]",0.6717,145,7,-15.67,-1.1005,"N","N",NA,NA,NA,NA,NA,NA
"61325","MIMAT0005471","dme-miR-958",44843,"nkd","CG11614-RA","NM_080049","uuucaucuuaucuucuuagagu","       ||| |::||||| | ","----gcuAAUCGGGGAAUCACa",2,16,1,18,"[dm3:3L:18998005-18998022:-]",0.6012,127,0,-10.45,-0.1173,"D","N",NA,NA,NA,NA,NA,NA
"61917","MIMAT0005472","dme-miR-375",41085,"neur","CG11988-RA","NM_057304","auugaauucg-guuu---gcuuguuu","  |:|||| : :|||    |||||| ","auAUUUAACUAUAAACAUAGAACAAa",2,21,969,994,"[dm3:3R:4846521-4846546:-]",0.6132,122,6,-12.11,-0.195,"D","D",NA,NA,NA,NA,NA,NA
"63409","MIMAT0005474","dme-miR-960",46246,"Pglym87","CG17645-RA","NM_143784","cgauacguuagaccuuaugagu","  |:| :||  || ||||||| ","uuUGUUUAA-AUGAAAUACUCa",2,21,430,450,"[dm3:3R:8057071-8057091:-]",0.7791,154,7,-12.16,-1.323,"L","L",NA,NA,NA,NA,NA,NA
"64429","MIMAT0005476","dme-miR-962",41085,"neur","CG11988-RA","NM_057304","cugucguaguuaaag--agauggaaua","    ||| ||| | |   : |||||| ","gcuuGCAGCAACUACGAAUGACCUUAa",2,22,583,609,"[dm3:3R:4846906-4846932:-]",0.529,124,6,-13.62,-0.1149,"N","N",NA,NA,NA,NA,NA,NA
"65523","MIMAT0005477","dme-miR-963",38846,"lqf","CG8532-RA","NM_168219","cuuuguuggacuauaaaug-gaaca","  || ||:|  | || ||| |||| ","ccAAAAAUC--ACAUAUACACUUGc",2,23,1171,1193,"[dm3:3L:7531306-7531328:+]",0.5832,123,0,-6.9,-1.0702,"D","D",NA,NA,NA,NA,NA,NA
"66112","MIMAT0005478","dme-miR-964",44843,"nkd","CG11614-RA","NM_080049","uucaauucga--ggggauaagauu","   |||| :|   : |||||||  ","caaUUAAUUUAAAUACUAUUCUua",3,20,840,863,"[dm3:3L:18997160-18997183:-]",0.576,130,0,-8.3,-0.1123,"B","D",NA,NA,NA,NA,NA,NA
"67502","MIMAT0005479","dme-miR-932",44843,"nkd","CG11614-RA","NM_080049","gacguuacgugaugccuuaacu","    |||  |:||: |||||| ","acuaAAUAAAUUAUUGAAUUGc",2,19,1160,1181,"[dm3:3L:18996842-18996863:-]",0.7129,134,6,-10.53,-0.897,"F","U",NA,NA,NA,NA,NA,NA
"68414","MIMAT0005480","dme-miR-965",41140,"Ras85D","CG9375-RA","NM_057351","uuccccuuuucgauaugcgaau","          ||| || |||| ","uauauaguuuGCUUUAAGCUUu",2,13,833,854,"[dm3:3R:5336376-5336397:-]",0.714,120,0,-6.13,-0.1077,"D","N",NA,NA,NA,NA,NA,NA
"68897","MIMAT0005483","dme-miR-1002",34686,"MRP","CG6214-RO","NM_205980","agcgggaaacauaggugaugaauu","       ||| |  :|||||||| ","cagaagaUUG-AGAUACUACUUAa",2,18,483,505,"[dm3:2L:12744654-12744676:+]",0.5086,151,7,-13.4,-1.1224,"D","D",NA,NA,NA,NA,NA,NA
"70321","MIMAT0005484","dme-miR-968",34686,"MRP","CG6214-RO","NM_205980","guugggaaauuac-cuaugaugaau","         | || |||||||||| ","aaucagaagAUUGAGAUACUACUUa",2,16,480,504,"[dm3:2L:12744651-12744675:+]",0.5086,158,7,-17.97,-1.1718,NA,NA,NA,NA,NA,NA,NA,NA
"71308","MIMAT0005485","dme-miR-969",46246,"Pglym87","CG17645-RA","NM_143784","uuuugaacgaaucaccuugag","    |||| |   ||||||| ","ugguCUUGGUCUCUGGAACUc",2,18,212,232,"[dm3:3R:8057289-8057309:-]",0.5338,153,7,-17.46,-0.1316,"F","U",NA,NA,NA,NA,NA,NA
"71847","MIMAT0005486","dme-miR-970",34686,"MRP","CG6214-RO","NM_205980","uaucggcgcacacagaauacu","             ||||||| ","gaaaaaaaauaacUCUUAUGu",2,9,429,449,"[dm3:2L:12744600-12744620:+]",0.5086,140,7,-6.79,-0.8833,"N","N",NA,NA,NA,NA,NA,NA
"72569","MIMAT0005487","dme-miR-971",41085,"neur","CG11988-RA","NM_057304","agugacauucuucauugugguu","       || ||  :|||||| ","uucauccAACAA-AGACACCAc",2,16,855,875,"[dm3:3R:4846640-4846660:-]",0.6132,129,6,-8.91,-0.1338,"D","N",NA,NA,NA,NA,NA,NA
"73787","MIMAT0005490","dme-miR-974",35730,"CG1553","CG1553-RC","NM_165558","uuaugaugaagaaacgag-cgaa","  ||:|:  ||  ||||| ||| ","uuUAUUGGCUCCAUGCUCAGCUc",2,21,427,449,"[dm3:2R:3688499-3688521:-]",0.4966,124,0,-14.13,-0.5595,"N","N",NA,NA,NA,NA,NA,NA
"74059","MIMAT0005492","dme-miR-976",43680,"CG15554","CG15554-RA","NM_143587","cguaacuacuauugauuagguu","               |||||| ","uuaucgcauccaauaAAUCCAa",2,8,233,254,"[dm3:3R:26953021-26953042:+]",0.5505,120,6,-8.43,-0.1342,"N","N",NA,NA,NA,NA,NA,NA
"75267","MIMAT0005493","dme-miR-977",40201,"gig","CG6975-RA","NM_079453","aaucuguugcacuuauagagu","        | || ||||||| ","cauccugcCAUG-AUAUCUCu",2,14,61,80,"[dm3:3L:20132048-20132067:+]",0.4576,143,7,-8.2,-0.3494,"X","U",NA,NA,NA,NA,NA,NA
"76151","MIMAT0005496","dme-miR-980",38500,"Ero1L","CG1333-RB","NM_139608","auucgggaaguguuc-cgucgau","    | | ||||| | |||||| ","cauuCGCCUCACAUGAGCAGCUa",2,19,40,62,"[dm3:3L:4173429-4173451:+]",0.4537,130,6,-21.68,-0.524,"D","D",NA,NA,NA,NA,NA,NA
"76575","MIMAT0005497","dme-miR-981",46246,"Pglym87","CG17645-RA","NM_143784","acguccaaagcagcuguugcuu","          ||| ||||||| ","acaaugaagaGUCAACAACGAu",2,13,155,176,"[dm3:3R:8057345-8057366:-]",0.7913,152,7,-13.93,-0.9078,"X","U",NA,NA,NA,NA,NA,NA
"77308","MIMAT0005501","dme-miR-927",44843,"nkd","CG11614-RA","NM_080049","ccauuucgcauccuuaa-gauuu","  |||| : |  ||||| |||| ","aaUAAAUUAU-UGAAUUGCUAAa",2,21,1164,1185,"[dm3:3L:18996838-18996859:-]",0.7129,122,0,-6.3,-1.3459,"X","U",NA,NA,NA,NA,NA,NA
"78862","MIMAT0005503","dme-miR-986",41062,"pyd","CG31349-RA","NM_169245","agucaguguugcga-uaagcucu","    | |:||  :| ||||||  ","aauaUAAUAAAUUUAAUUCGAua",3,19,156,178,"[dm3:3R:4653639-4653661:-]",0.5797,129,0,-6.01,-0.3249,"N","N",NA,NA,NA,NA,NA,NA
"79483","MIMAT0005504","dme-miR-987",41140,"Ras85D","CG9375-RA","NM_057351","guaguuaggucugauaaaugaaau","  |:|  ::| |: :|||:|||| ","auUUACAUUAUAUAGUUUGCUUUa",2,23,825,848,"[dm3:3R:5336382-5336405:-]",0.714,142,0,-12.67,-0.1131,"N","N",NA,NA,NA,NA,NA,NA
"81633","MIMAT0005505","dme-miR-988",39091,"Nf-YA","CG3891-RA","NM_140056","cgcacuccaaacguuguucccc","   | || ||  ||||||||| ","auaUAAGAUU--CAACAAGGGu",2,20,477,496,"[dm3:3L:9433297-9433316:-]",0.3872,156,7,-15.09,-0.4365,"N","N",NA,NA,NA,NA,NA,NA
"81858","MIMAT0005506","dme-miR-989",35730,"CG1553","CG1553-RC","NM_165558","caaggugaugcaguguagugu","       | | |:||||||  ","caaaaugUUCAUUACAUCAaa",3,15,216,236,"[dm3:2R:3688712-3688732:-]",0.4966,130,0,-10.95,-0.1426,"N","N",NA,NA,NA,NA,NA,NA
"82628","MIMAT0005507","dme-miR-137",46246,"Pglym87","CG17645-RA","NM_143784","gaugcacauaagaguucguuau","  :||  |:|    ||||||  ","agGCGAAUGUCAAGAAGCAAau",3,21,112,133,"[dm3:3R:8057388-8057409:-]",0.7913,124,0,-7.45,-0.2404,"L","L",NA,NA,NA,NA,NA,NA
"84559","MIMAT0005511","dme-miR-929",46246,"Pglym87","CG17645-RA","NM_143784","guuagacugaggcaaucccuc","       ||||  ||||||  ","augaaauACUCAUUUAGGGcu",3,15,439,459,"[dm3:3R:8057062-8057082:-]",0.7791,134,0,-13.48,-0.2524,"N","N",NA,NA,NA,NA,NA,NA
"84796","MIMAT0005512","dme-miR-993",48387,"l(2)k14710","CG8325-RA","NM_143806","ucuaugg-acaucuc-ugcucgaag","   ||||  | |  |  ||||||| ","uauUACCAAGAAUUGUUCGAGCUUg",2,21,146,170,"[dm3:2R:2097429-2097453:-]",0.3173,142,7,-14.86,-0.2693,"N","N",NA,NA,NA,NA,NA,NA
"85088","MIMAT0005513","dme-miR-994",38846,"lqf","CG8532-RA","NM_168219","uagugccgaugauaaaggaauc","       | | || ||||||| ","cagucuuCAAGUACUUCCUUAg",2,16,452,473,"[dm3:3L:7530587-7530608:+]",0.387,151,7,-13.35,-0.1443,"N","N",NA,NA,NA,NA,NA,NA
"85946","MIMAT0005514","dme-miR-995",46246,"Pglym87","CG17645-RA","NM_143784","uucggcuuag--uacaccacgau","  | ||||||  | |||||||| ","gcGGCGAAUCGAAAGUGGUGCUc",2,20,80,102,"[dm3:3R:8057419-8057441:-]",0.4142,166,7,-24.51,-0.1334,"L","L",NA,NA,NA,NA,NA,NA
"86208","MIMAT0005515","dme-miR-996",41085,"neur","CG11988-RA","NM_057304","ucugcucguacuuuagaucagu","     ||: | |  ||||||| ","acuuaAGU-UAAUUUCUAGUCa",2,18,801,821,"[dm3:3R:4846694-4846714:-]",0.6132,143,7,-12.46,-1.2459,"N","N",NA,NA,NA,NA,NA,NA
"86716","MIMAT0005516","dme-miR-252",34686,"MRP","CG6214-RO","NM_205980","gaggacgccgugau--caugaauc","  :|| : |: |||  ||||||| ","uuUCUAUUGU-CUAUUGUACUUAg",2,21,342,364,"[dm3:2L:12744513-12744535:+]",0.5153,145,7,-16.33,-0.9838,"X","U",NA,NA,NA,NA,NA,NA
"88186","MIMAT0005518","dme-miR-998",46246,"Pglym87","CG17645-RA","NM_143784","cucgacuuagagu--accacgau","  || |||||  |  ||||||| ","cgGC-GAAUCGAAAGUGGUGCUc",2,20,81,102,"[dm3:3R:8057419-8057440:-]",0.4142,152,7,-21.05,-0.1347,"N","N",NA,NA,NA,NA,NA,NA
"88469","MIMAT0005519","dme-miR-999",44843,"nkd","CG11614-RA","NM_080049","ucugugucagaaugucaauugu","     |||| ||| ||||||| ","gccgcCAGU-UUA-AGUUAACu",2,18,784,803,"[dm3:3L:18997220-18997239:-]",0.5834,157,7,-14.34,-0.6889,"L","L",NA,NA,NA,NA,NA,NA
"89756","MIMAT0005520","dme-miR-1000",46246,"Pglym87","CG17645-RA","NM_143784","ugacgacacuguccuguuaua","  || | | |   ||||||: ","uuUGAUUUUAAUUGACAAUGa",2,20,141,161,"[dm3:3R:8057360-8057380:-]",0.7913,131,0,-7.71,-0.4093,"D","D",NA,NA,NA,NA,NA,NA
"91284","MIMAT0005016","dme-miR-1003",38846,"lqf","CG8532-RA","NM_168219","gacacuuauacauu---uacacucu","     |||||||:|   ||||||| ","uguaaAAUAUGUGAUGUAUGUGAGa",2,18,217,241,"[dm3:3L:7530352-7530376:+]",0.5661,164,7,-19.81,-1.0659,"N","N",NA,NA,NA,NA,NA,NA
"91964","MIMAT0005017","dme-miR-1004",38846,"lqf","CG8532-RA","NM_168219","gacacucccuucacuacacucu","      | || || ||||||| ","aaauauGUGAUGU-AUGUGAGa",2,17,221,241,"[dm3:3L:7530356-7530376:+]",0.5661,150,7,-17.01,-1.0483,"N","N",NA,NA,NA,NA,NA,NA
"92490","MIMAT0005019","dme-miR-1006",46246,"Pglym87","CG17645-RA","NM_143784","gauacuuauucuuuagcuuaaau","        || :::|||||||| ","gcauuccgAACGGGUCGAAUUUu",2,16,405,427,"[dm3:3R:8057094-8057116:-]",0.7791,155,7,-10.41,-1.1282,"D","D",NA,NA,NA,NA,NA,NA
"94152","MIMAT0005020","dme-miR-1007",59223,"CG18769","CG18769-RD","NM_168169","acguuugucaauuaacu-cgaau","  |:||||   |||||| |||| ","gaCGAACA--AAAUUGAUGCUUa",2,21,986,1006,"[dm3:3L:6585807-6585827:+]",0.5365,129,0,-17.15,-0.6459,"N","N",NA,NA,NA,NA,NA,NA
"94662","MIMAT0005023","dme-miR-1010",33170,"CG4822","CG4822-RG","NM_001038774","gacguuuaccuugcuauccacuuu","        | |::|: ||||||| ","guccuccaGCAGUGGAAGGUGAAa",2,17,609,632,"[dm3:2L:118525-118548:-]",0.6574,152,7,-19.31,-0.642,"D","D",NA,NA,NA,NA,NA,NA
"95052","MIMAT0005024","dme-miR-1011",44843,"nkd","CG11614-RA","NM_080049","gacgcucgcu-aaac---uugguuauu","       :|| ||||   |||||||| ","uauucuuUGAUUUUGUAAAACCAAUAu",2,17,260,286,"[dm3:3L:18997737-18997763:-]",0.5355,150,7,-11.88,-1.1247,"N","N",NA,NA,NA,NA,NA,NA
"96527","MIMAT0005027","dme-miR-1014",46246,"Pglym87","CG17645-RA","NM_143784","gacguuuacuuuuacuuaaaa","    |:| | |||| ||||| ","gucaAGAAGCAAAUAAAUUUa",2,18,120,140,"[dm3:3R:8057381-8057401:-]",0.7913,133,0,-3.62,-0.166,"N","N",NA,NA,NA,NA,NA,NA
"99084","MIMAT0005030","dme-miR-1017",41140,"Ras85D","CG9375-RA","NM_057351","ccuacucaaacccaucucgaaag","  || ||||||  |  |||||| ","auAU-AGUUUGCUUUAAGCUUUu",2,22,834,855,"[dm3:3R:5336375-5336396:-]",0.714,135,6,-11.82,-0.3931,"N","N",NA,NA,NA,NA,NA,NA
"99737","MIMAT0000117","dme-miR-12",46246,"Pglym87","CG17645-RA","NM_143784","uggucaugga-cuacauuaugagu","     |:::|  ||| ||||||| ","uaauuUGUUUAAAUGAAAUACUCa",2,19,427,450,"[dm3:3R:8057071-8057094:-]",0.7791,153,7,-13.38,-1.3244,"B","L",NA,NA,NA,NA,NA,NA
"100755","MIMAT0000330","dme-miR-184*",34686,"MRP","CG6214-RO","NM_205980","gccccgcucucuuacuauucc","           | ||||||| ","uuuugccuucaACUGAUAAGa",2,11,520,540,"[dm3:2L:12744691-12744711:+]",0.5086,142,7,-5.97,-0.8072,"X","U",NA,NA,NA,NA,NA,NA
"101745","MIMAT0000336","dme-miR-276*",38327,"MEP-1","CG1244-RC","NM_167959","gcauccuugagauauggagcgac","            :|:||||||| ","cagauagaugacGUGCCUCGCUu",2,12,584,606,"[dm3:3L:2641600-2641622:+]",0.5368,147,7,-16.94,-0.1663,"N","N",NA,NA,NA,NA,NA,NA
"101970","MIMAT0000343","dme-miR-280",46246,"Pglym87","CG17645-RA","NM_143784","auaguaaagu---auacguugcauuuaugu","    ||||:|   |:| :||   |||||| ","ucgaAUUUUAAUUUGUUUAAAUGAAAUACu",2,24,419,448,"[dm3:3R:8057073-8057102:-]",0.7791,130,6,-9.3,-0.3681,"N","N",NA,NA,NA,NA,NA,NA
"107434","MIMAT0000344","dme-miR-281-1*",44870,"sub","CG12298-RA","NM_137416","ugacagcugccugucgagagaa","      |:: |:  ||||||| ","uagcgaGGUAGGGUGCUCUCUu",2,17,238,259,"[dm3:2R:13633219-13633240:-]",0.5998,144,7,-20.93,-0.4822,"D","D",NA,NA,NA,NA,NA,NA
"107835","MIMAT0000360","dme-miR-287",44843,"nkd","CG11614-RA","NM_080049","cacgu-uugcuaaaaguugugu","   || |||||    |||||| ","aacCACAACGACCACCAACACa",2,19,915,936,"[dm3:3L:18997087-18997108:-]",0.576,125,6,-15.34,-0.1113,"N","N",NA,NA,NA,NA,NA,NA
"108867","MIMAT0000363","dme-miR-288",46246,"Pglym87","CG17645-RA","NM_143784","guacuuuacuuuagcug-uacuuu","  | :| |  |||:||| ||||| ","auUUGAUUUUAAUUGACAAUGAAg",2,22,140,163,"[dm3:3R:8057358-8057381:-]",0.7913,129,0,-14.25,-1.2296,"N","N",NA,NA,NA,NA,NA,NA
"110104","MIMAT0000364","dme-miR-289",34686,"MRP","CG6214-RO","NM_205980","ucagcguccgaggugaauuuauaaau","                   |||||| ","uaacucuuauguaugccacAUAUUUa",2,8,438,463,"[dm3:2L:12744609-12744634:+]",0.5086,120,6,-10.91,-0.1056,"N","N",NA,NA,NA,NA,NA,NA
"116078","MIMAT0000388","dme-miR-303",44843,"nkd","CG11614-RA","NM_080049","uggucaaaggacacuuuggauuu","          | | |||||||| ","uuaggauaaaUAUUAAACCUAAc",2,14,292,314,"[dm3:3L:18997709-18997731:-]",0.5384,149,7,-9.9,-0.9297,"N","N",NA,NA,NA,NA,NA,NA
"117320","MIMAT0000394","dme-miR-306*",37734,"apt","CG5393-RB","NM_057831","cguguccgugucucacuggggg","       :|:| | ||||||: ","guugauaUAUAUA-UGACCCUa",2,16,746,766,"[dm3:2R:19486796-19486816:+]",0.5725,129,0,-11.78,-0.2004,"D","N",NA,NA,NA,NA,NA,NA
"117514","MIMAT0005464","dme-miR-iab-4as-3p",41140,"Ras85D","CG9375-RA","NM_057351","auuug-ca-uaug-acuuaca-uagg","  :|| || |||| | ||||| ||| ","ccGACAGUCAUACAUAAAUGUAAUCu",2,21,541,566,"[dm3:3R:5336664-5336689:-]",0.517,125,0,-10.18,-0.8569,"N","N",NA,NA,NA,NA,NA,NA
"119230","MIMAT0005465","dme-miR-954",44870,"sub","CG12298-RA","NM_137416","uguguguugcgu---ugugggucu","    ::|::|||    ||||||| ","cguaGUAGUGCAUUCCCACCCAGa",2,18,315,338,"[dm3:2R:13633140-13633163:-]",0.5998,144,7,-23.48,-0.8077,"F","U",NA,NA,NA,NA,NA,NA
"119747","MIMAT0005473","dme-miR-959",36497,"drk","CG6033-RF","NM_057510","aaguauuau-gggggcu-acuguu","    ||||| |  |:|| ||||| ","cguuUAAUAGCAACUGAGUGACAc",2,19,283,306,"[dm3:2R:9384177-9384200:-]",0.4992,125,0,-12.92,-0.7454,"N","N",NA,NA,NA,NA,NA,NA
"120353","MIMAT0005475","dme-miR-961",41085,"neur","CG11988-RA","NM_057304","uagagucaaugaccacuaguuu","              ||||||: ","uaaugaacaaagauUGAUCAGa",2,9,700,721,"[dm3:3R:4846794-4846815:-]",0.529,124,0,-8.31,-0.128,"N","N",NA,NA,NA,NA,NA,NA
"121073","MIMAT0005481","dme-miR-966",32097,"CG32666","CG32666-RB","NM_167288","ggugugucgggugu-ugggugu","  ||||| | :||| |||||| ","acACACA-CAUACACACCCACa",2,20,264,284,"[dm3:X:11447668-11447688:+]",0.5081,133,6,-27.09,-0.72,"N","N",NA,NA,NA,NA,NA,NA
"121988","MIMAT0005482","dme-miR-967",33562,"Cog3","CG3248-RA","NM_134935","gcgaagaggucuccauagaga","    |:| || | ||||||  ","----UUUGCA-AUGUAUCUgu",3,18,1,16,"[dm3:2L:3453907-3453922:-]",0.5882,131,0,-7.5,-0.53,"F","U",NA,NA,NA,NA,NA,NA
"122513","MIMAT0005488","dme-miR-972",34686,"MRP","CG6214-RO","NM_205980","cggauuuauaa-gcauaacaugu","       |||| : |||||||| ","auuuuucUAUUGUCUAUUGUACu",2,16,339,361,"[dm3:2L:12744510-12744532:+]",0.5153,154,7,-11.98,-1.0085,"N","N",NA,NA,NA,NA,NA,NA
"125116","MIMAT0005489","dme-miR-973",34686,"MRP","CG6214-RO","NM_205980","uuuuagcuucaa--guuggugguuggu","      ||| ||  ||| :||||||: ","gcgaaaGAAAUUAGCAAAUACCAACUa",2,20,207,233,"[dm3:2L:12744378-12744404:+]",0.4614,146,0,-18,-0.1287,"N","N",NA,NA,NA,NA,NA,NA
"126150","MIMAT0005491","dme-miR-975",44870,"sub","CG12298-RA","NM_137416","uauguccuacauccuucacaaau","       || |:  |||||||  ","auuuuuaAUUUGUUAAGUGUUag",3,17,16,38,"[dm3:2R:13633440-13633462:-]",0.4933,132,0,-6.87,-0.125,"N","N",NA,NA,NA,NA,NA,NA
"127087","MIMAT0005494","dme-miR-978",40201,"gig","CG6975-RA","NM_079453","gacguuaaaugccgugaccugu","              ||||||| ","acgagaggcucccaACUGGACa",2,9,7,28,"[dm3:3L:20131994-20132015:+]",0.4576,140,7,-18.3,-1.025,"D","D",NA,NA,NA,NA,NA,NA
"127396","MIMAT0005495","dme-miR-979",36497,"drk","CG6033-RF","NM_057510","aaucggacucaagcccuucuu","  | |:||    |||||||| ","gaAUCUUGCAAACGGGAAGAa",2,20,1066,1086,"[dm3:2R:9383397-9383417:-]",0.5478,151,7,-20.41,-0.7107,"N","N",NA,NA,NA,NA,NA,NA
"127690","MIMAT0005498","dme-miR-982",31696,"Nek2","CG17256-RA","NM_132187","uaaaugaaguaua-aacagguccu","         ||:|   ||||||| ","ucaggaaagAUGUGCAGUCCAGGa",2,15,10,33,"[dm3:X:7783292-7783315:-]",0.6084,141,7,-17.15,-0.6408,"N","N",NA,NA,NA,NA,NA,NA
"127902","MIMAT0005499","dme-miR-983",41140,"Ras85D","CG9375-RA","NM_057351","aguaaucaagcuuugcauaaua","   ||| ||:    :|||||| ","uauUUAAUUU--UUUGUAUUAa",2,20,879,898,"[dm3:3R:5336332-5336351:-]",0.7999,128,6,-4.8,-0.9052,"L","L",NA,NA,NA,NA,NA,NA
"129164","MIMAT0005500","dme-miR-984",41140,"Ras85D","CG9375-RA","NM_057351","uuuaagguuggc--auaaauggagu","  | |  || :|  ||| |||||| ","aaAAUGAAAAUGAAUAUGUACCUCu",2,22,332,356,"[dm3:3R:5336874-5336898:-]",0.5204,124,6,-10.23,-0.1082,"N","N",NA,NA,NA,NA,NA,NA
"129696","MIMAT0005502","dme-miR-985",41140,"Ras85D","CG9375-RA","NM_057351","acgggcugguaaccuuguaaac","        ||||  ||:|||| ","cauacauaCAUU-UAAUAUUUa",2,15,864,884,"[dm3:3R:5336346-5336366:-]",0.757,132,0,-4.47,-0.4331,"D","D",NA,NA,NA,NA,NA,NA
"132760","MIMAT0005508","dme-miR-990",36497,"drk","CG6033-RF","NM_057510","ccgguugagucuugc-cacuua","   |: :||: |:|| ||||| ","gugCGUUUCGCAGCGAGUGAAc",2,19,628,649,"[dm3:2R:9383834-9383855:-]",0.5408,122,0,-16.57,-0.267,"N","N",NA,NA,NA,NA,NA,NA
"133001","MIMAT0005509","dme-miR-991",34686,"MRP","CG6214-RO","NM_205980","ugaaagguuugaug-uugaaauu","     | |||| || ||||||| ","ugcccCAAAACAACAAACUUUAg",2,18,52,74,"[dm3:2L:12744223-12744245:+]",0.4854,160,7,-13.27,-0.6293,"N","N",NA,NA,NA,NA,NA,NA
"135656","MIMAT0005510","dme-miR-992",41140,"Ras85D","CG9375-RA","NM_057351","gaaucauggucuuugcacauga","      |:|:   ::|||||| ","aaauaaAUCGAUUGUGUGUACu",2,17,922,943,"[dm3:3R:5336287-5336308:-]",0.7999,128,6,-14.78,-0.6045,"L","L",NA,NA,NA,NA,NA,NA
"136288","MIMAT0010206","dme-miR-995*",35730,"CG1553","CG1553-RC","NM_165558","gcgucgaggguguauuaagccc","   || | ::|::|||||||| ","cuaAG-UGUUAUGUAAUUCGGu",2,20,239,259,"[dm3:2R:3688689-3688709:-]",0.4966,157,7,-15.38,-0.8808,"L","L",NA,NA,NA,NA,NA,NA
"136776","MIMAT0005517","dme-miR-997",41140,"Ras85D","CG9375-RA","NM_057351","acuuugaggaagcucaaaccc","    || :: |  ||||||  ","auuuACAUUAUAUAGUUUGcu",3,18,825,845,"[dm3:3R:5336385-5336405:-]",0.714,125,0,-6.82,-0.3258,"N","N",NA,NA,NA,NA,NA,NA
"137347","MIMAT0005521","dme-miR-1001",59223,"CG18769","CG18769-RD","NM_168169","acuaggaacccu---caaaugggu","     :|||| |    ||||||| ","augagUUUGGCAAUUAUUUACCCc",2,17,437,460,"[dm3:3L:6585258-6585281:+]",0.4827,143,7,-14.93,-0.5081,"N","N",NA,NA,NA,NA,NA,NA
"138052","MIMAT0005018","dme-miR-1005",31696,"Nek2","CG17256-RA","NM_132187","gacgcuuaauuucuaaggucu","    | ||| |||||||||| ","auuaGCAUU-AAGAUUCCAGu",2,18,144,163,"[dm3:X:7783162-7783181:-]",0.6084,163,7,-16.28,-1.0237,"N","N",NA,NA,NA,NA,NA,NA
"138714","MIMAT0005021","dme-miR-1008",39091,"Nf-YA","CG3891-RA","NM_140056","acauuuguguuuuucgacacu","             ||||||  ","----ucgccuccuAGCUGUag",3,9,1,17,"[dm3:3L:9433776-9433792:-]",0.6229,120,0,-10.57,-0.1938,"N","N",NA,NA,NA,NA,NA,NA
"139200","MIMAT0005022","dme-miR-1009",44843,"nkd","CG11614-RA","NM_080049","gacuuuacau-uguuaaaaacucu","   | || || ||||||| |||| ","aauAUAUAUAGACAAUUUAUGAGa",2,21,1133,1156,"[dm3:3L:18996867-18996890:-]",0.7129,143,0,-13.61,-0.2035,"N","N",NA,NA,NA,NA,NA,NA
"140554","MIMAT0005025","dme-miR-1012",41085,"neur","CG11988-RA","NM_057304","gauaccccuuuuagaaacugauu","  | |  | ||||  ||||||| ","acAAGAAGCAAAU-AUUGACUAc",2,22,624,645,"[dm3:3R:4846870-4846891:-]",0.529,151,7,-7.5,-0.7452,"N","N",NA,NA,NA,NA,NA,NA
"141235","MIMAT0005026","dme-miR-1013",41140,"Ras85D","CG9375-RA","NM_057351","gcucaagccguaugaaaaua","         ||||| |||| ","acauacauaCAUACAUUUAa",2,12,859,878,"[dm3:3R:5336352-5336371:-]",0.757,123,0,-6.74,-0.4471,"N","N",NA,NA,NA,NA,NA,NA
"143282","MIMAT0005028","dme-miR-1015",33117,"slgA","CG1417-RE","NM_078709","gacguucucucuacag-gguccu","      ||| ||| || ||||| ","ccggcuGAG-GAUAUCGCCAGGa",2,17,73,94,"[dm3:X:21255005-21255026:+]",0.5119,122,0,-21.94,-0.6898,"N","N",NA,NA,NA,NA,NA,NA
"143461","MIMAT0005029","dme-miR-1016",38327,"MEP-1","CG1244-RC","NM_167959","gauucauaccuc-ucu-ccacuu","  || | |||:| :|| ||||| ","agAAAU-UGGGGCGGAUGGUGAg",2,20,165,186,"[dm3:3L:2641181-2641202:+]",0.4866,120,0,-17.87,-0.1276,"N","N",NA,NA,NA,NA,NA,NA
"143690","MIMAT0011784","dme-miR-2279*",34686,"MRP","CG6214-RO","NM_205980","uuaaagugugu-gucuauaaauu","  || :::|:: || ||||||| ","ucUUAUGUAUGCCACAUAUUUAu",2,21,442,464,"[dm3:2L:12744613-12744635:+]",0.5086,155,7,-6.86,-0.6049,"N","N",NA,NA,NA,NA,NA,NA
"150472","MIMAT0011785","dme-miR-2279",48387,"l(2)k14710","CG8325-RA","NM_143806","uuuauuuaua-g--a-agcgcacuuu","  |||||||| |  | |: |||||| ","auAUAAAUAUACAGUAUUUCGUGAAa",2,21,290,315,"[dm3:2R:2097284-2097309:-]",0.3822,133,6,-13.85,-0.1694,"N","N",NA,NA,NA,NA,NA,NA
"150820","MIMAT0011786","dme-miR-2280",33562,"Cog3","CG3248-RA","NM_134935","uauaaaauaacggu-ucgauucu","    | ||||  :: ||||||| ","uguaUCUAUUUAUGUAGCUAAGc",2,19,30,52,"[dm3:2L:3453871-3453893:-]",0.5882,149,7,-10.37,-1.0582,"N","N",NA,NA,NA,NA,NA,NA
"151837","MIMAT0011787","dme-miR-2280*",41140,"Ras85D","CG9375-RA","NM_057351","agucaaucgaaccuucauuuaa","             :||||||| ","cuuucgcacaaacGAGUAAAUu",2,10,651,672,"[dm3:3R:5336558-5336579:-]",0.517,141,7,-6.4,-0.1599,NA,NA,NA,NA,NA,NA,NA,NA
"154056","MIMAT0011788","dme-miR-2281*",46246,"Pglym87","CG17645-RA","NM_143784","aacguagacgucgacgucuauua","  | || |  ||  ||| |||| ","gcGAAUGUCAAGAAGCAAAUAAa",2,22,114,136,"[dm3:3R:8057385-8057407:-]",0.7913,125,0,-9.59,-0.1346,"N","N",NA,NA,NA,NA,NA,NA
"155118","MIMAT0011789","dme-miR-2281",59223,"CG18769","CG18769-RD","NM_168169","cguuaugacgucu---auguc-uau","  ||||: |:||:   ||||| || ","aaAAUAUGGUAGGUUUUACAGUAUu",2,20,1296,1320,"[dm3:3L:6586117-6586141:+]",0.504,122,0,-12.29,-0.3297,"N","N",NA,NA,NA,NA,NA,NA
"156088","MIMAT0011790","dme-miR-2282",34096,"Cka","CG7392-RA","NM_135333","uaagauaaaaaucgag-uggcua","  |||| || || :|| ||||| ","aaUCUAAUUAUACUUCAACCGAg",2,21,200,222,"[dm3:2L:8038401-8038423:+]",0.5259,136,0,-12.85,-1.2012,"N","N",NA,NA,NA,NA,NA,NA
"156406","MIMAT0011791","dme-miR-2283",41140,"Ras85D","CG9375-RA","NM_057351","uaacagcauaaguacuauaaaag","        |||:|  ||||||  ","auacauacAUUUA--AUAUUUaa",3,16,865,885,"[dm3:3R:5336345-5336365:-]",0.757,128,0,-2.3,-0.8155,"N","N",NA,NA,NA,NA,NA,NA
"162117","MIMAT0012194","dme-miR-307-as*",35730,"CG1553","CG1553-RC","NM_165558","gguaguguuggaggaacucacu","   |||:|  :|::||||||| ","uauUCAUA--UUUUUUGAGUGa",2,20,23,42,"[dm3:2R:3688906-3688925:-]",0.5248,156,7,-18.35,-1.2701,"N","N",NA,NA,NA,NA,NA,NA
"162641","MIMAT0012195","dme-miR-307-as",38846,"lqf","CG8532-RA","NM_168219","cugagugaguuggacccacacu","               |||||| ","aaagaaagccgauucGGUGUGa",2,8,1059,1080,"[dm3:3L:7531194-7531215:+]",0.5832,120,6,-16.43,-0.1523,"N","N",NA,NA,NA,NA,NA,NA
"162839","MIMAT0012196","dme-miR-2489",41140,"Ras85D","CG9375-RA","NM_057351","ugacguuuaugu-uguauguuau","  | :| ||||| ||||||| | ","uuUAUACAUACAUACAUACAUUu",2,21,854,876,"[dm3:3R:5336354-5336376:-]",0.757,139,0,-11.48,-0.2417,"N","N",NA,NA,NA,NA,NA,NA
"166863","MIMAT0012197","dme-miR-2490",40996,"DppIII","CG7415-RC","NM_169217","aacguuggacgaaauagc-gaagu","  ||| ::  | || ||| |||| ","ucGCAUUUAACAUUUUCGCCUUCa",2,22,8,31,"[dm3:3R:4173084-4173107:+]",0.5769,121,0,-11.11,-1.3622,"L","L",NA,NA,NA,NA,NA,NA
"167294","MIMAT0012198","dme-miR-2491",41140,"Ras85D","CG9375-RA","NM_057351","ucguugacguuuccguugucgc","               |||||| ","aucggagagaaaacaAACAGCc",2,8,797,818,"[dm3:3R:5336412-5336433:-]",0.6155,120,6,-10.86,-0.191,"N","N",NA,NA,NA,NA,NA,NA
"168576","MIMAT0012199","dme-miR-2492",34686,"MRP","CG6214-RO","NM_205980","aaacuuucgagagcuguuuugua","   | :||: | |  ||||||| ","agaGUGAGUGCCC--CAAAACAa",2,21,44,64,"[dm3:2L:12744215-12744235:+]",0.4854,145,7,-9.81,-0.4038,"N","N",NA,NA,NA,NA,NA,NA
"173193","MIMAT0012200","dme-miR-2493*",40201,"gig","CG6975-RA","NM_079453","accgacacacacacacacucg","              |||||| ","aaguuuauaaaauuUGUGAGa",2,8,184,204,"[dm3:3L:20132171-20132191:+]",0.5346,120,6,-8.25,-0.1545,"F","U",NA,NA,NA,NA,NA,NA
"173565","MIMAT0012201","dme-miR-2493",41085,"neur","CG11988-RA","NM_057304","ugcggagcguguuuaugugugcc","                |||||| ","cuaucaacuaauuuauCACACGu",2,8,195,217,"[dm3:3R:4847298-4847320:-]",0.4723,120,6,-11.79,-0.1408,"F","U",NA,NA,NA,NA,NA,NA
"174605","MIMAT0012202","dme-miR-2494*",41140,"Ras85D","CG9375-RA","NM_057351","aaggguuagaccacgugaaug","             ||||||| ","uuguuuucaaccaGCACUUAa",2,9,411,431,"[dm3:3R:5336799-5336819:-]",0.517,140,7,-11.88,-1.029,"N","N",NA,NA,NA,NA,NA,NA
"175349","MIMAT0012203","dme-miR-2494",47764,"Amy-p","CG18730-RA","NM_080421","gaacauucaccuguaaugacccuu","           |||  ||||||: ","-----------ACA--ACUGGGGa",2,14,1,11,"[dm3:2R:13006280-13006290:-]",0.7511,126,0,-13.45,-0.1752,"N","N",NA,NA,NA,NA,NA,NA
"175585","MIMAT0012204","dme-miR-2495",41437,"CG31368","CG31368-RA","NM_169439","ucagucggguuaacuucacggu","   || |  |:|| ||||| | ","uucCAACAAAGUUAAAGUGACa",2,20,39,60,"[dm3:3R:7718058-7718079:+]",0.5634,127,0,-11.31,-0.1047,"N","N",NA,NA,NA,NA,NA,NA
"176093","MIMAT0012205","dme-miR-2495*",59223,"CG18769","CG18769-RD","NM_168169","ccgcccguaaaguuaauccacggc","     || | |||| |||||||| ","uaacuGC-UCUCAA-UAGGUGCCa",2,20,1885,1906,"[dm3:3L:6586706-6586727:+]",0.5263,159,7,-18.07,-1.018,"N","N",NA,NA,NA,NA,NA,NA
"176287","MIMAT0012206","dme-miR-2496*",41140,"Ras85D","CG9375-RA","NM_057351","augcuaccggagagugugugcgug","        ::|| |||||||||| ","uaaucuuuUUUCGCACACACGCAc",2,17,561,584,"[dm3:3R:5336646-5336669:-]",0.517,164,7,-25.34,-0.2695,"N","N",NA,NA,NA,NA,NA,NA
"176966","MIMAT0012207","dme-miR-2496",31513,"CG15765","CG15765-RA","NM_132041","auacgcacacacucacggggcg","    :|| ||  | ||||||| ","caguUGU-UGGCAUUGCCCCGc",2,19,182,202,"[dm3:X:5733415-5733435:+]",0.4603,148,7,-21.5,-0.4393,"N","N",NA,NA,NA,NA,NA,NA
"177137","MIMAT0012208","dme-miR-2497*",38846,"lqf","CG8532-RA","NM_168219","uuguugauguaaaacgu---uacgaaug","  |:|:| |: | || |   ||||||| ","gcCGAUU-CGGUGUGAAAUUAUGCUUAa",2,24,1066,1092,"[dm3:3L:7531201-7531227:+]",0.5832,148,7,-14.04,-1.1497,"N","N",NA,NA,NA,NA,NA,NA
"178500","MIMAT0012209","dme-miR-2497",34686,"MRP","CG6214-RO","NM_205980","gacguuugu--aacauuuacaaca","  |||||:|     ||||||||  ","uaGCAAAUACCAACUAAAUGUUca",3,21,218,241,"[dm3:2L:12744389-12744412:+]",0.4614,139,0,-11.49,-0.1056,"N","N",NA,NA,NA,NA,NA,NA
"180359","MIMAT0012210","dme-miR-2498*",41140,"Ras85D","CG9375-RA","NM_057351","guuuuuauucguauugucggaaau","  | |:|  || | | |||:||| ","auAUAGUUUGCUUUA-AGCUUUUu",2,23,834,856,"[dm3:3R:5336374-5336396:-]",0.714,136,0,-9.65,-0.1217,"N","N",NA,NA,NA,NA,NA,NA
"180961","MIMAT0012211","dme-miR-2498",34686,"MRP","CG6214-RO","NM_205980","uucauucugcccuuacggucaaa","  | || |    || ||||||| ","gcGAAAUAAUUCAA-GCCAGUUg",2,22,251,272,"[dm3:2L:12744422-12744443:+]",0.4986,143,7,-10.38,-0.4078,"N","N",NA,NA,NA,NA,NA,NA
"181404","MIMAT0012212","dme-miR-2499*",41062,"pyd","CG31349-RA","NM_169245","cguaacgcgacugcagaugcgugc","           |: | ||||||: ","acuuuauaaauAUUUAUACGCAUu",2,14,567,590,"[dm3:3R:4653227-4653250:-]",0.5319,129,0,-9.64,-0.2394,"N","N",NA,NA,NA,NA,NA,NA
"181869","MIMAT0012213","dme-miR-2499",31513,"CG15765","CG15765-RA","NM_132041","augccugcacuuacaguaggcgua","    | :|  |  || ||||||| ","cguuGCUGCAACCGUAAUCCGCAc",2,21,16,39,"[dm3:X:5733249-5733272:+]",0.4619,148,7,-13.66,-0.4089,"N","N",NA,NA,NA,NA,NA,NA
"182339","MIMAT0012214","dme-miR-2500*",38846,"lqf","CG8532-RA","NM_168219","ccauaacauauacacacaaggaaug","                 ||||||| ","ugucagucuucaaguacUUCCUUAg",2,9,449,473,"[dm3:3L:7530584-7530608:+]",0.387,140,7,-7.04,-0.1443,"N","N",NA,NA,NA,NA,NA,NA
"183204","MIMAT0012215","dme-miR-2500",34686,"MRP","CG6214-RO","NM_205980","gacuccaggug-uguguuuuagg","         || | |||||||| ","caaaaauaaACAAAACAAAAUCc",2,14,609,631,"[dm3:2L:12744780-12744802:+]",0.3241,148,7,-13.87,-0.8509,"N","N",NA,NA,NA,NA,NA,NA
"186228","MIMAT0012216","dme-miR-2501",46246,"Pglym87","CG17645-RA","NM_143784","aaucggguc--cgugagguuugaaug","   |:| ||  |||   :|||:||| ","aauGUCAAGAAGCA-AAUAAAUUUAu",2,22,117,141,"[dm3:3R:8057380-8057404:-]",0.7913,130,0,-11.65,-0.1054,"N","N",NA,NA,NA,NA,NA,NA
"188521","MIMAT0012217","dme-miR-2501*",41085,"neur","CG11988-RA","NM_057304","uuucuuucaaacuaacguucuca","            | |||||||| ","ccaaaauagaaaACUGCAAGAGc",2,12,741,763,"[dm3:3R:4846752-4846774:-]",0.529,147,7,-12.75,-0.5078,"N","N",NA,NA,NA,NA,NA,NA
"189141",NA,"dme-miR-4951",NA,NA,NA,NA,NA,NA,NA,NA,NA,NA,NA,NA,NA,NA,NA,NA,NA,"F","U","C15","y","darkens","CG7937","D","L"
"189144",NA,"dme-miR-3642",NA,NA,NA,NA,NA,NA,NA,NA,NA,NA,NA,NA,NA,NA,NA,NA,NA,"N","N","C15","y","darkens","CG7937","D","L"
"189147",NA,"dme-miR-3643",NA,NA,NA,NA,NA,NA,NA,NA,NA,NA,NA,NA,NA,NA,NA,NA,NA,"N","N","C15","y","darkens","CG7937","D","L"
"189150",NA,"dme-miR-3644",NA,NA,NA,NA,NA,NA,NA,NA,NA,NA,NA,NA,NA,NA,NA,NA,NA,"N","N","C15","y","darkens","CG7937","D","L"
"189153",NA,"dme-miR-3645",NA,NA,NA,NA,NA,NA,NA,NA,NA,NA,NA,NA,NA,NA,NA,NA,NA,"N","N","C15","y","darkens","CG7937","D","L"
"189156",NA,"dme-miR-4966",NA,NA,NA,NA,NA,NA,NA,NA,NA,NA,NA,NA,NA,NA,NA,NA,NA,"N","N","C15","y","darkens","CG7937","D","L"
"189159",NA,"dme-miR-4968",NA,NA,NA,NA,NA,NA,NA,NA,NA,NA,NA,NA,NA,NA,NA,NA,NA,"N","N","C15","y","darkens","CG7937","D","L"
"189162",NA,"dme-miR-4969",NA,NA,NA,NA,NA,NA,NA,NA,NA,NA,NA,NA,NA,NA,NA,NA,NA,"N","N","C15","y","darkens","CG7937","D","L"
"189165",NA,"dme-miR-4976",NA,NA,NA,NA,NA,NA,NA,NA,NA,NA,NA,NA,NA,NA,NA,NA,NA,"N","N","C15","y","darkens","CG7937","D","L"
